book,narrative_ordinal,epub_path,title,chapter_sha256_prefix12,nonempty_paragraphs,source_status
"wanming",46,"OEBPS/Text/Chapter_0054.xhtml","第46章回——家","8512eccb44ca",74,"source_hash_confirmed_reviewed"
"wanming",47,"OEBPS/Text/Chapter_0055.xhtml","第47章你赚了多少","0f54e5c793a7",69,"source_hash_confirmed_reviewed"
"wanming",48,"OEBPS/Text/Chapter_0056.xhtml","第48章后——事","1814c0524b39",60,"source_hash_confirmed_reviewed"
"wanming",49,"OEBPS/Text/Chapter_0057.xhtml","第49章青——皮","633eb40ce1d9",62,"source_hash_confirmed_reviewed"
"wanming",50,"OEBPS/Text/Chapter_0058.xhtml","第50章正式百户","9c7487f6cd8b",85,"source_hash_confirmed_reviewed"
"wanming",51,"OEBPS/Text/Chapter_0059.xhtml","第51章天启驾崩","52af93f53fb9",57,"source_hash_confirmed_reviewed"
"wanming",52,"OEBPS/Text/Chapter_0060.xhtml","第1章合作关系","60d6e53bc49e",56,"source_hash_confirmed_reviewed"
"wanming",53,"OEBPS/Text/Chapter_0061.xhtml","第2章张家湾","c9b10c483c1d",58,"source_hash_confirmed_reviewed"
"wanming",54,"OEBPS/Text/Chapter_0062.xhtml","第3章京——师","511ed2532113",50,"source_hash_confirmed_reviewed"
"wanming",55,"OEBPS/Text/Chapter_0063.xhtml","第4章平——静","ccd3acf35059",39,"source_hash_confirmed_reviewed"
"tiexuecanming",46,"OEBPS/Text/chapter52.html","第46章时机","b11517232c58",84,"source_hash_confirmed_reviewed"
"tiexuecanming",47,"OEBPS/Text/chapter53.html","第47章自缚","efb8ccfc7847",80,"source_hash_confirmed_reviewed"
"tiexuecanming",48,"OEBPS/Text/chapter54.html","第48章血殿","19209d616883",63,"source_hash_confirmed_reviewed"
"tiexuecanming",49,"OEBPS/Text/chapter55.html","第49章暗黑","6620e8c8139e",75,"source_hash_confirmed_reviewed"
"tiexuecanming",50,"OEBPS/Text/chapter56.html","第50章掌控","419efbb273c4",77,"source_hash_confirmed_reviewed"
"tiexuecanming",51,"OEBPS/Text/chapter57.html","第51章凶残","4c141f9e3e72",95,"source_hash_confirmed_reviewed"
"tiexuecanming",52,"OEBPS/Text/chapter58.html","第52章跌落","0516a93ca14e",87,"source_hash_confirmed_reviewed"
"tiexuecanming",53,"OEBPS/Text/chapter59.html","第53章张扬","7708d134259f",68,"source_hash_confirmed_reviewed"
"tiexuecanming",54,"OEBPS/Text/chapter60.html","第54章平乱","c9463a16c36d",74,"source_hash_confirmed_reviewed"
"tiexuecanming",55,"OEBPS/Text/chapter61.html","第55章首功","0093425ac85b",63,"source_hash_confirmed_reviewed"
