book,narrative_ordinal,epub_path,chapter_file_sha256_prefix12,paragraph_anchor_ids,existing_note,review_status
"晚明","1","OEBPS/Text/Chapter_0009.xhtml","319a67a7dea3","p001|p055","OPENING_PILOT.md","SUPPLEMENT"
"晚明","2","OEBPS/Text/Chapter_0010.xhtml","553a936b8dfe","p001|p043|p062","OPENING_PILOT.md","SUPPLEMENT"
"晚明","3","OEBPS/Text/Chapter_0011.xhtml","2ee79bb9de26","p020|p051|p074","wanming-0003-0005.md","RETAIN_EXPAND"
"晚明","4","OEBPS/Text/Chapter_0012.xhtml","10c859ecbd08","p003|p042","wanming-0003-0005.md","RETAIN_EXPAND"
"晚明","5","OEBPS/Text/Chapter_0013.xhtml","e6e8232cf1ec","p009|p035|p054","wanming-0003-0005.md","RETAIN_EXPAND"
"晚明","6","OEBPS/Text/Chapter_0014.xhtml","79483c8adf64","p018|p036","wanming-0006-0010.md","RETAIN_EXPAND"
"晚明","7","OEBPS/Text/Chapter_0015.xhtml","c4bb56b68fed","p014|p031|p040","wanming-0006-0010.md","RETAIN_EXPAND"
"晚明","8","OEBPS/Text/Chapter_0016.xhtml","118c3f526c00","p001|p009|p042","wanming-0006-0010.md","RETAIN_EXPAND"
"晚明","9","OEBPS/Text/Chapter_0017.xhtml","e561240f6aef","p004|p020|p044","wanming-0006-0010.md","RETAIN_EXPAND"
"晚明","10","OEBPS/Text/Chapter_0018.xhtml","75ef383b80d8","p028|p036|p077","wanming-0006-0010.md","RETAIN_EXPAND"
"晚明","11","OEBPS/Text/Chapter_0019.xhtml","03091bb2a209","p004|p019|p035","wanming-0011-0015.md","RETAIN_EXPAND"
"晚明","12","OEBPS/Text/Chapter_0020.xhtml","636c8321b624","p001|p032|p046","wanming-0011-0015.md","RETAIN_EXPAND"
"晚明","13","OEBPS/Text/Chapter_0021.xhtml","85cdcc101d09","p001|p011|p060","wanming-0011-0015.md","RETAIN_EXPAND"
"晚明","14","OEBPS/Text/Chapter_0022.xhtml","25219677aca6","p009|p039|p047","wanming-0011-0015.md","RETAIN_EXPAND"
"晚明","15","OEBPS/Text/Chapter_0023.xhtml","50854dbd99e6","p003|p005|p010|p028","wanming-0011-0015.md","RETAIN_EXPAND"
"铁血残明","1","OEBPS/Text/chapter7.html","69991dc30faa","p001|p026|p037","OPENING_PILOT.md","SUPPLEMENT"
"铁血残明","2","OEBPS/Text/chapter8.html","aa69359404c9","p026|p049|p071","OPENING_PILOT.md","SUPPLEMENT"
"铁血残明","3","OEBPS/Text/chapter9.html","07e86c94655e","p005|p035|p051","tiexue-0003-0005.md","RETAIN_EXPAND"
"铁血残明","4","OEBPS/Text/chapter10.html","91532c468be8","p005|p035|p058","tiexue-0003-0005.md","RETAIN_EXPAND"
"铁血残明","5","OEBPS/Text/chapter11.html","efd4a8fa1b61","p003|p015|p043","tiexue-0003-0005.md","RETAIN_EXPAND"
"铁血残明","6","OEBPS/Text/chapter12.html","21b3d2e1bf1e","p013|p018|p038","tiexue-0006-0010.md","RETAIN_EXPAND"
"铁血残明","7","OEBPS/Text/chapter13.html","d2e06f88b515","p025|p050|p073","tiexue-0006-0010.md","RETAIN_EXPAND"
"铁血残明","8","OEBPS/Text/chapter14.html","a099724934b2","p014|p023|p029","tiexue-0006-0010.md","RETAIN_EXPAND"
"铁血残明","9","OEBPS/Text/chapter15.html","76e15b4a8838","p016|p027|p035","tiexue-0006-0010.md","RETAIN_EXPAND"
"铁血残明","10","OEBPS/Text/chapter16.html","9dd5f9cb7f0b","p013|p021|p042|p054","tiexue-0006-0010.md","RETAIN_EXPAND"
"铁血残明","11","OEBPS/Text/chapter17.html","da0ea43f59bd","p001|p037|p054","tiexue-0011-0015.md","RETAIN_EXPAND"
"铁血残明","12","OEBPS/Text/chapter18.html","b6305f51afe9","p020|p035|p072","tiexue-0011-0015.md","RETAIN_EXPAND"
"铁血残明","13","OEBPS/Text/chapter19.html","e97ee98fb851","p020|p028|p031","tiexue-0011-0015.md","RETAIN_EXPAND"
"铁血残明","14","OEBPS/Text/chapter20.html","e724fa141a99","p001|p039|p050","tiexue-0011-0015.md","RETAIN_EXPAND"
"铁血残明","15","OEBPS/Text/chapter21.html","6a38317ad229","p026|p039|p044|p096","tiexue-0011-0015.md","RETAIN_AND_CORRECT_ENDING"
